"","x"
"wastewater",11025
"treatment",8542
"water",8085
"removal",7204
"concentrations",5741
"compounds",5030
"pharmaceuticals",4978
"study",4770
"results",3660
"concentration",3495
"effluent",3468
"using",3467
"pharmaceutical",3414
"degradation",3361
"samples",3199
"used",3096
"organic",3005
"process",2993
"elsevier",2932
"detected",2861
"sludge",2805
"reserved",2702
"rights",2700
"different",2682
"high",2669
"surface",2610
"showed",2528
"found",2468
"also",2401
"environmental",2340
"effects",2333
"two",2321
"can",2214
"antibiotics",2187
"respectively",2178
"products",2163
"sewage",2143
"plants",2132
"investigated",2115
"higher",2111
"environment",2111
"adsorption",2108
"potential",2100
"observed",2001
"river",1996
"conditions",1985
"plant",1915
"efficiency",1903
"effluents",1887
"aquatic",1849
"contaminants",1811
"rate",1760
"processes",1745
"time",1729
"carbamazepine",1721
"however",1720
"system",1714
"three",1686
"presence",1682
"chemical",1674
"analysis",1658
"present",1631
"low",1621
"method",1620
"oxidation",1592
"due",1560
"ppcps",1557
"risk",1554
"acid",1550
"data",1545
"ngl",1541
"activated",1508
"total",1506
"ltd",1489
"well",1464
"toxicity",1464
"mass",1463
"diclofenac",1461
"waters",1449
"model",1448
"treated",1442
"membrane",1441
"effect",1439
"wwtp",1433
"levels",1422
"may",1420
"drugs",1414
"significant",1394
"carbon",1393
"one",1363
"based",1341
"use",1336
"exposure",1326
"studied",1326
"compared",1314
"systems",1281
"biological",1268
"activity",1267
"human",1261
"soil",1254
"increased",1239
"micropollutants",1239
"ibuprofen",1221
"occurrence",1180
"including",1178
"removed",1158
"pollutants",1150
"municipal",1146
"emerging",1128
"antibiotic",1126
"cod",1105
"highest",1105
"wwtps",1105
"obtained",1104
"range",1100
"applied",1088
"reaction",1086
"experiments",1081
"influent",1074
"ozonation",1068
"significantly",1067
"chemicals",1064
"selected",1056
"order",1055
"mgl",1051
"studies",1036
"values",1033
"lower",1027
"addition",1021
"performance",1020
"rates",1015
"four",1011
"fish",999
"liquid",996
"evaluated",994
"sorption",988
"measured",988
"ozone",975
"initial",973
"identified",954
"first",952
"min",951
"drug",949
"transformation",927
"cbz",927
"sulfamethoxazole",925
"substances",919
"caffeine",916
"determined",912
"fate",907
"reactor",892
"similar",887
"source",884
"parameters",880
"target",880
"care",878
"biodegradation",871
"solution",870
"important",864
"detection",862
"work",854
"triclosan",852
"increase",851
"extraction",845
"personal",840
"conventional",828
"several",828
"indicated",824
"within",822
"active",822
"metabolites",822
"species",819
"phase",816
"urban",810
"sources",809
"spectrometry",808
"effective",803
"groundwater",799
"compound",798
"application",794
"tested",793
"collected",791
"quality",791
"efficiencies",788
"natural",786
"health",784
"assessment",784
"developed",775
"sampling",769
"anaerobic",761
"impact",757
"exposed",747
"main",742
"flow",741
"aqueous",741
"performed",741
"wastewaters",738
"hospital",734
"drinking",733
"increasing",732
"analyzed",730
"revealed",728
"days",728
"concern",726
"remove",722
"achieved",720
"microbial",720
"production",720
"sites",718
"various",716
"discharge",714
"bacteria",712
"followed",709
"consumption",708
"industrial",704
"naproxen",701
"advanced",700
"oxygen",698
"monitoring",692
"major",688
"organisms",687
"ranged",685
"decreased",684
"batch",681
"kinetics",680
"secondary",677
"experimental",673
"formation",666
"therefore",665
"research",663
"among",660
"reduced",657
"reduction",655
"demonstrated",648
"average",646
"specific",641
"five",640
"many",639
"methods",639
"whereas",638
"photocatalytic",638
"maximum",638
"temperature",638
"overall",627
"via",626
"matter",618
"degrees",612
"waste",610
"rivers",609
"less",607
"approach",603
"control",603
"dot",603
"receiving",601
"efficient",600
"contamination",599
"synthetic",597
"thus",595
"reported",588
"toxic",585
"test",584
"resistance",584
"ratio",582
"smx",582
"conducted",580
"phacs",579
"evaluate",577
"influence",574
"ciprofloxacin",572
"combined",571
"although",569
"current",558
"tcs",558
"mbr",557
"chromatography",556
"area",555
"new",552
"mixture",551
"retention",548
"considered",547
"risks",546
"pollution",545
"capacity",543
"soils",543
"possible",542
"widely",542
"number",542
"large",542
"times",541
"downstream",541
"carried",540
"assess",540
"distribution",537
"level",536
"bacterial",536
"kinetic",535
"containing",530
"properties",528
"elimination",528
"predicted",528
"tio",528
"growth",526
"associated",526
"sample",523
"assessed",522
"better",518
"community",518
"biomass",517
"proposed",516
"mainly",514
"show",512
"reuse",506
"determine",506
"dissolved",505
"trace",505
"real",504
"indicating",502
"tests",502
"demand",501
"residues",499
"paper",498
"dcf",498
"raw",496
"biosolids",495
"acetaminophen",494
"even",494
"energy",493
"without",487
"period",487
"endocrine",486
"aerobic",484
"highly",484
"irradiation",483
"published",483
"direct",482
"sediment",482
"indicate",480
"treatments",477
"mechanism",473
"analytical",473
"frequently",470
"agricultural",468
"enhanced",467
"changes",467
"per",463
"estimated",462
"development",462
"uptake",458
"related",457
"trimethoprim",454
"factors",454
"irrigation",452
"matrix",448
"following",448
"primary",446
"nitrogen",441
"solutions",441
"examined",440
"affected",440
"known",440
"solid",440
"mineralization",439
"groups",439
"exhibited",438
"investigate",437
"suggest",437
"decrease",436
"genes",435
"greater",435
"center",433
"relevant",433
"resulted",432
"membranes",428
"catalyst",428
"moreover",425
"along",425
"models",425
"tps",424
"dose",424
"ranging",424
"six",420
"information",419
"behavior",418
"light",417
"pesticides",415
"calculated",415
"filtration",414
"common",413
"content",411
"role",410
"combination",407
"edcs",406
"field",405
"areas",404
"mean",403
"bioreactor",402
"relative",402
"population",401
"value",399
"furthermore",398
"commonly",397
"loading",397
"degraded",393
"relatively",393
"available",391
"atenolol",391
"laboratory",390
"technology",390
"domestic",390
"transport",389
"toc",386
"constant",386
"recovery",385
"result",385
"especially",385
"tetracycline",383
"day",381
"china",380
"structure",379
"photodegradation",379
"fluoxetine",379
"good",377
"operating",377
"site",377
"photolysis",374
"complex",374
"individual",373
"best",373
"response",373
"provide",372
"shown",371
"inhibition",369
"coupled",368
"confirmed",367
"activities",367
"limits",367
"mechanisms",366
"completely",364
"operation",364
"technologies",364
"comparison",363
"constants",360
"contrast",358
"aim",357
"differences",357
"estrogenic",357
"group",356
"removing",356
"radical",356
"types",355
"amount",355
"materials",355
"loads",355
"reactors",355
"characteristics",354
"presented",354
"promising",354
"hydroxyl",353
"pathways",353
"complete",353
"hormones",352
"ecological",352
"byproducts",352
"stps",352
"stp",351
"impacts",350
"limited",349
"determination",349
"environments",348
"reduce",348
"product",348
"solar",347
"antiinflammatory",346
"characterized",346
"generally",345
"matrices",344
"likely",344
"design",343
"sediments",340
"produced",340
"scale",339
"industry",339
"estrogens",338
"monitored",337
"analyses",336
"literature",336
"terms",335
"since",334
"discharges",334
"quantification",333
"hydraulic",332
"suggesting",332
"mixtures",332
"cecs",332
"ketoprofen",331
"streams",330
"rejection",330
"years",329
"improved",328
"suggested",328
"molecular",328
"lake",328
"disinfection",327
"biotransformation",327
"much",327
"electron",325
"effectively",324
"continuous",324
"ecosystems",323
"finally",322
"included",322
"onto",321
"spiked",321
"discharged",321
"novel",320
"pollutant",320
"caused",320
"acute",320
"persistent",319
"radicals",319
"solids",318
"parent",317
"case",315
"final",314
"hrt",314
"affect",314
"approximately",313
"interactions",313
"single",313
"will",313
"varied",313
"estrone",313
"ability",312
"load",312
"metoprolol",312
"additional",311
"composition",311
"resulting",311
"suspended",311
"alternative",311
"according",310
"except",310
"need",310
"contaminant",309
"formed",308
"optimal",308
"might",308
"reactions",308
"stream",308
"biofilm",307
"assay",306
"little",305
"food",305
"still",305
"pilot",304
"potentially",304
"evaluation",304
"correlation",304
"gas",301
"adsorbent",300
"gemfibrozil",300
"accumulation",299
"techniques",299
"size",297
"adverse",295
"negative",295
"metals",295
"composite",295
"args",294
"environmentally",293
"screening",293
"seven",293
"paracetamol",292
"analytes",289
"pathway",288
"weight",288
"separation",287
"freshwater",287
"communities",286
"limit",286
"amounts",286
"type",285
"standard",285
"occurred",284
"constructed",283
"propranolol",283
"treat",282
"factor",282
"fenton",282
"gene",281
"applications",281
"release",281
"spe",281
"treating",280
"experiment",280
"hydrogen",280
"erythromycin",279
"findings",279
"required",279
"step",278
"small",278
"clofibric",278
"gac",277
"tertiary",277
"intermediates",276
"dosage",276
"often",275
"wide",274
"optimum",274
"dry",274
"urine",273
"point",273
"medium",272
"employed",272
"dilution",272
"operated",271
"removals",271
"column",271
"untreated",269
"media",269
"material",268
"volume",268
"generated",268
"stable",268
"positive",268
"upstream",268
"median",267
"cip",267
"density",266
"bisphenol",266
"oxidative",266
"prepared",265
"particularly",265
"contribution",265
"identify",265
"pretreatment",264
"disposal",264
"metabolite",264
"either",263
"improve",262
"almost",261
"microorganisms",261
"correlated",260
"investigation",259
"across",259
"management",259
"biodegradability",259
"regarding",258
"countries",258
"solidphase",258
"contact",257
"future",257
"dominant",255
"summer",255
"least",254
"stability",254
"efficiently",254
"general",254
"xray",254
"sewer",254
"suitable",254
"quantified",253
"seasonal",252
"sensitive",251
"bed",251
"chronic",251
"fouling",250
"doc",250
"amoxicillin",250
"ppcp",250
"synthesized",249
"acidic",249
"flux",248
"photofenton",248
"catalytic",248
"able",248
"influents",248
"cell",248
"chlorine",248
"land",248
"recalcitrant",247
"reached",246
"sulfonamides",246
"expected",246
"physicochemical",245
"classes",245
"illicit",244
"extent",244
"around",244
"typical",244
"ofloxacin",244
"led",244
"neutral",244
"metformin",243
"eight",243
"successfully",242
"provides",242
"mixed",242
"photocatalysis",242
"betaestradiol",241
"andor",241
"wetlands",241
"attenuation",241
"optimized",240
"bpa",240
"ecotoxicological",240
"nanoparticles",239
"understanding",238
"provided",238
"city",238
"technique",238
"ibu",238
"fullscale",237
"lipid",237
"contaminated",237
"importance",236
"knowledge",236
"ions",236
"mode",236
"filter",235
"equilibrium",235
"osmosis",234
"recent",234
"needed",233
"modified",233
"great",232
"multiple",232
"despite",232
"stress",232
"patterns",232
"pac",231
"attention",231
"pose",231
"facilities",231
"expression",231
"resistant",230
"degrade",229
"responses",229
"pressure",228
"cost",228
"previously",228
"change",228
"part",228
"year",228
"spectroscopy",227
"attributed",227
"electrochemical",227
"marine",227
"humans",226
"second",226
"corresponding",225
"rapid",225
"taken",225
"ngg",225
"nonsteroidal",225
"tandem",224
"molecules",223
"simultaneous",222
"nutrients",222
"condition",222
"reclaimed",222
"cells",222
"fraction",222
"longterm",221
"aromatic",221
"reverse",221
"located",221
"bodies",221
"hydrophobic",221
"form",220
"disrupting",220
"methodology",220
"persistence",220
"ecs",220
"subsequent",219
"cause",219
"lowest",219
"apis",219
"strong",218
"micropollutant",218
"polar",218
"acids",218
"pharmaceutically",217
"identification",217
"algae",217
"metabolism",216
"coefficient",216
"log",215
"transfer",215
"analysed",215
"residual",214
"influenced",214
"ion",214
"estrogen",214
"nsaids",214
"measurements",213
"review",213
"eliminated",212
"peroxide",212
"derived",211
"variations",210
"released",209
"like",209
"namely",209
"veterinary",209
"varying",209
"objective",209
"demonstrate",208
"contained",208
"end",208
"particular",208
"linear",208
"key",207
"means",207
"venlafaxine",207
"alone",207
"sand",207
"iron",206
"feed",206
"antimicrobial",206
"granular",206
"simulated",205
"clarithromycin",205
"mps",205
"stage",205
"winter",205
"abundance",205
"set",205
"lead",205
"life",205
"reach",205
"magnitude",204
"ibp",204
"simple",204
"variety",204
"induced",204
"useful",204
"plasma",204
"artificial",204
"predict",202
"hybrid",202
"agents",201
"involved",200
"nitrate",200
"operational",200
"include",200
"coefficients",200
"variation",199
"functional",199
"global",199
"anthropogenic",198
"indicates",198
"isotherm",198
"shows",197
"suggests",197
"heavy",197
"substrate",197
"cws",197
"towards",196
"nanofiltration",196
"additionally",196
"lcmsms",196
"cases",196
"consistent",196
"norfloxacin",196
"uvho",196
"concerns",194
"directly",194
"established",194
"torcs",194
"added",193
"generation",193
"aimed",193
"growing",193
"ecotoxicity",193
"sodium",192
"resources",192
"recently",192
"wetland",192
"digestion",192
"european",191
"reducing",191
"strain",191
"industries",191
"spatial",191
"variability",190
"doses",190
"nine",190
"throughout",190
"free",190
"worldwide",189
"previous",189
"reactive",189
"radiation",189
"interest",189
"salicylic",189
"discussed",189
"fluorescence",188
"degree",188
"world",188
"tool",188
"nutrient",188
"purpose",188
"ndma",188
"depending",188
"tcc",188
"strongly",187
"input",187
"cycle",187
"basis",186
"ecosystem",186
"season",186
"characterization",185
"ratios",185
"therapeutic",185
"given",184
"designed",184
"described",184
"interaction",183
"chlorination",183
"whether",183
"yield",182
"function",182
"public",182
"components",182
"daily",182
"inorganic",181
"commercial",181
"background",181
"standards",181
"yet",181
"made",181
"steroid",181
"agent",180
"adsorbents",180
"balance",180
"integrated",179
"sequencing",179
"otc",179
"nonylphenol",179
"srt",179
"local",178
"achieve",178
"region",178
"comparable",178
"recoveries",178
"deet",177
"representative",177
"prior",177
"isolated",177
"nature",177
"liver",177
"coastal",177
"biochar",176
"indicator",176
"sampled",176
"understand",175
"enzymes",175
"chloride",174
"currently",174
"ammonia",174
"near",174
"assays",174
"unknown",174
"coli",174
"parabens",173
"validated",173
"proved",173
"strategy",172
"considering",172
"magna",172
"quantitative",172
"runoff",171
"behaviour",171
"animal",171
"slightly",170
"occur",170
"indicators",170
"unit",169
"focused",169
"bioaccumulation",169
"biomarkers",169
"cocaine",169
"langmuir",168
"pocis",168
"fold",168
"charge",167
"selective",167
"phosphate",167
"hospitals",167
"estimate",167
"catchment",167
"emission",166
"organics",166
"filters",166
"become",166
"efom",166
"responsible",165
"omps",165
"daphnia",165
"allowed",165
"phenol",165
"frequency",165
"elevated",164
"profiles",164
"necessary",163
"leading",163
"represent",163
"phosphorus",162
"rapidly",162
"together",161
"stages",161
"evidence",161
"showing",160
"particles",160
"sulfate",160
"action",160
"aeration",160
"locations",160
"percentage",160
"extracted",160
"metal",159
"decomposition",159
"aquifer",159
"nontarget",158
"fluoroquinolones",157
"probably",157
"adsorbed",157
"long",157
"effectiveness",157
"biodegradable",157
"series",157
"targeted",157
"delta",157
"usage",157
"ammonium",156
"produce",156
"respect",156
"inhibited",156
"widespread",156
"lack",156
"approaches",156
"relationship",156
"enhance",155
"emissions",155
"nitrification",155
"betablockers",155
"ohocenter",155
"microscopy",154
"photocatalyst",154
"tap",154
"ultraviolet",154
"gcms",154
"points",154
"pure",153
"tmp",153
"septic",153
"applying",152
"oxide",152
"component",152
"increases",152
"wet",152
"freundlich",152
"heterogeneous",151
"periods",151
"anoxic",151
"critical",151
"magnetic",151
"basin",151
"exposures",151
"majority",151
"tissues",151
"irrigated",151
"diversity",150
"enzyme",150
"though",150
"catalysts",150
"azithromycin",150
"hand",150
"dependent",150
"difference",149
"temperatures",149
"structures",149
"biologically",149
"oxytetracycline",149
"contributed",148
"south",148
"pilotscale",148
"appeared",148
"class",148
"hence",148
"bezafibrate",148
"electrode",148
"ionic",148
"largely",148
"tank",148
"prescribed",147
"comprehensive",147
"hydrolysis",147
"air",147
"survey",147
"bod",146
"presents",146
"act",146
"enter",146
"indirect",145
"months",145
"activation",145
"isotherms",145
"traditional",145
"sustainable",145
"passive",145
"apparent",145
"estimates",145
"reference",144
"aops",144
"regions",144
"iopromide",144
"way",143
"solvent",143
"diverse",143
"strains",143
"hazard",143
"costs",143
"animals",143
"metabolic",143
"coagulation",142
"alphaethinylestradiol",142
"sucralose",142
"excellent",142
"modeling",142
"units",142
"protein",141
"appropriate",141
"dom",141
"humic",140
"abundant",140
"primarily",140
"ring",140
"temporal",140
"consumed",140
"pore",140
"certain",140
"report",140
"procedure",140
"power",139
"index",139
"zone",139
"physical",139
"existing",139
"loss",139
"problem",139
"citalopram",139
"assessing",139
"estradiol",139
"bioassays",139
"pecs",139
"seawater",139
"macrolides",138
"cycles",138
"ten",138
"strategies",138
"diffusion",138
"fitted",138
"uva",137
"atrazine",137
"antidepressants",137
"synthesis",137
"rural",137
"support",137
"chromatographymass",137
"chlorinated",137
"upon",136
"impacted",136
"state",136
"spain",136
"firstorder",136
"columns",136
"strength",135
"ftir",135
"ground",135
"capable",135
"fractions",135
"fed",134
"scanning",134
"predominant",134
"contribute",134
"priority",134
"usually",134
"phenolic",134
"account",134
"trocs",134
"phases",134
"remained",133
"rather",133
"populations",133
"situ",133
"variables",133
"mgg",133
"intermediate",132
"chromatographytandem",132
"sensitivity",132
"fast",132
"diazepam",132
"excretion",131
"surfactants",131
"issue",131
"subsequently",131
"typically",131
"antiepileptic",131
"potable",131
"vitro",131
"extracts",131
"parallel",131
"triclocarban",131
"antibacterial",130
"considerable",130
"ultrapure",130
"increasingly",130
"visible",130
"last",130
"comparing",130
"sulfamethazine",130
"recycling",129
"eliminate",129
"biochemical",129
"charged",129
"ingredients",129
"mol",129
"consequently",128
"states",128
"absence",128
"bulk",128
"serious",128
"seasons",128
"subsurface",128
"sbr",128
"faster",128
"pattern",128
"testing",128
"larger",128
"green",128
"fact",127
"facility",127
"preliminary",127
"desorption",127
"culture",127
"national",126
"readily",126
"reports",126
"toward",126
"germany",126
"far",126
"cities",126
"tissue",126
"negligible",125
"decreasing",125
"difficult",125
"sertraline",125
"agriculture",125
"clear",125
"secondorder",125
"trend",124
"positively",124
"bay",124
"negatively",124
"anode",124
"wells",124
"livestock",123
"simultaneously",123
"threat",123
"soluble",123
"fungal",123
"male",123
"molar",122
"authors",122
"capacities",122
"focus",122
"lakes",122
"usa",122
"cec",122
"quotient",122
"must",122
"nevertheless",122
"beta",122
"crops",122
"wastes",122
"methamphetamine",121
"fully",121
"exceeded",121
"optimization",121
"selection",121
"mostly",121
"sulfonamide",121
"fqs",121
"layer",120
"correlations",120
"body",120
"ubiquitous",120
"obtain",119
"others",119
"close",119
"partially",119
"contain",119
"feasibility",119
"demonstrates",119
"purification",119
"acetate",119
"met",119
"substantial",119
"uncertainty",119
"whole",119
"redox",118
"develop",118
"owcs",118
"ultrafiltration",117
"uvc",117
"residence",117
"photocatalysts",117
"omp",117
"remediation",117
"precursors",117
"prediction",117
"permeate",117
"zebrafish",117
"algal",117
"hydrophilic",117
"supported",116
"controlled",116
"aims",116
"posed",116
"labscale",116
"microalgae",116
"full",116
"concentrate",116
"hormone",115
"easily",115
"bioreactors",115
"xrd",115
"yields",115
"moderate",115
"synergistic",115
"setac",115
"quantify",115
"uasb",115
"example",115
"incubation",115
"exchange",114
"actual",114
"practical",114
"poorly",114
"parameter",114
"nearly",114
"reproductive",114
"annual",114
"entering",114
"recharge",114
"measurement",113
"trends",113
"statistical",113
"latter",113
"immobilized",113
"events",113
"sem",112
"recovered",112
"short",112
"hplc",112
"reproduction",112
"transformed",112
"receptor",112
"developing",112
"incomplete",112
"largest",112
"chosen",112
"concentrated",112
"mussels",112
"biofilms",112
"genotoxicity",111
"reclamation",111
"continuously",111
"besides",111
"possibly",111
"substance",111
"toxicological",111
"intensity",111
"nhn",111
"samplers",111
"united",111
"concerning",110
"markers",110
"galaxolide",110
"works",110
"constituents",110
"profile",110
"feeding",110
"tetracyclines",110
"brain",110
"compare",109
"investigations",109
"occurring",109
"problems",109
"enzymatic",109
"belonging",109
"oxidized",109
"oxidant",108
"reliable",108
"central",108
"economic",108
"explained",108
"inputs",108
"specifically",108
"displayed",108
"manufacturing",107
"play",107
"antioxidant",107
"processing",107
"prescription",107
"endpoints",107
"characterize",106
"framework",106
"steps",106
"people",106
"zno",106
"introduced",106
"dioxide",106
"environ",106
"improvement",105
"diffraction",105
"played",105
"reaching",105
"smz",105
"harmful",105
"variable",104
"biota",104
"pseudofirstorder",104
"distinct",104
"contents",104
"partitioning",104
"household",104
"substantially",104
"sea",104
"cas",104
"option",104
"amx",104
"etc",103
"polluted",103
"resolution",103
"minor",103
"root",103
"longer",103
"contains",103
"conversion",103
"roots",103
"reactivity",103
"polymer",103
"peak",102
"medicine",102
"acesulfame",102
"applicability",102
"poor",102
"detailed",102
"uses",102
"wildlife",102
"physiological",102
"blood",102
"surfactant",102
"enrichment",101
"recycled",101
"antimicrobials",101
"excreted",101
"issues",101
"examine",101
"clearly",101
"europe",101
"storage",101
"flx",101
"accurate",100
"tramadol",100
"preparation",100
"scenarios",100
"dynamics",100
"damage",100
"highperformance",100
"dynamic",100
"statistically",100
"agreement",100
"numerous",100
"measure",100
"quotients",100
"laccase",100
"leachate",100
"north",100
"injection",100
"hazardous",99
"broad",99
"chain",99
"efficacy",99
"dna",99
"extensive",99
"inc",99
"degrading",98
"refractory",98
"affecting",98
"chemistry",98
"sequential",98
"detectable",98
"clay",98
"accumulated",97
"analgesics",97
"initially",97
"transform",97
"sunlight",97
"involving",97
"affinity",97
"internal",97
"competition",97
"purposes",97
"thermal",97
"resource",97
"determining",97
"partition",97
"flame",97
"independent",96
"calculations",96
"article",96
"supply",96
"watershed",96
"spring",96
"phthalate",96
"hydrophobicity",96
"regeneration",96
"loadings",96
"anionic",96
"trout",96
"mefenamic",96
"considerably",95
"scientific",95
"infrared",95
"greatest",95
"equivalent",95
"lincomycin",95
"particulate",95
"estimation",95
"flows",95
"exception",95
"canada",95
"binding",95
"iii",95
"respective",95
"parts",95
"partial",95
"hhcb",95
"isolates",95
"lagoon",95
"network",94
"porous",94
"precipitation",94
"electrostatic",94
"requirements",94
"monitor",94
"decreases",94
"describes",94
"protection",94
"titanium",94
"infiltration",94
"pesticide",93
"measures",93
"manure",93
"derivatives",93
"enrofloxacin",93
"remaining",93
"penicillin",93
"halflives",93
"mgkg",93
"eocs",93
"represents",93
"sorbed",92
"utilized",92
"concluded",92
"recorded",92
"disruption",92
"gkg",92
"fischeri",92
"performances",92
"estriol",92
"frequencies",92
"allows",92
"minimal",91
"rrna",91
"conclusion",91
"hydroxylation",91
"nacl",91
"absorption",91
"accuracy",91
"salt",91
"structural",91
"induce",91
"weeks",91
"glutathione",91
"campaigns",91
"controls",91
"week",91
"context",90
"percentages",90
"photochemical",90
"implemented",90
"essential",90
"clo",90
"regulatory",90
"external",90
"sufficient",90
"linked",90
"occurs",90
"ranges",90
"onsite",90
"polycyclic",90
"antidepressant",90
"methane",90
"orders",89
"laboratoryscale",89
"excess",89
"fresh",89
"always",89
"mbrs",89
"employing",89
"explored",89
"inhibitory",89
"valuable",89
"landfill",89
"breakthrough",89
"evaluating",89
"ionization",89
"altered",89
"fungi",89
"representing",89
"nanocomposite",88
"measuring",88
"salinity",88
"basic",88
"received",88
"methyl",88
"yeast",88
"half",88
"oil",88
"pseudo",88
"genotoxic",88
"swine",88
"reveal",88
"slow",88
"musks",88
"icm",88
"remain",87
"understood",87
"living",87
"advantages",87
"implementation",87
"challenge",87
"principal",87
"investigates",87
"pseudomonas",87
"decay",87
"utilization",87
"require",87
"terrestrial",87
"tonalide",87
"leads",87
"estuary",87
"recommended",86
"place",86
"quantities",86
"creek",86
"metronidazole",86
"features",86
"fixed",86
"equation",86
"survival",86
"fit",86
"dominated",86
"sorbent",86
"calculation",86
"polymeric",85
"greatly",85
"aop",85
"successful",85
"morphology",85
"alterations",85
"xenobiotics",85
"codeine",85
"abatement",85
"nitrifying",85
"serotonin",85
"hydrocarbons",85
"improving",84
"capability",84
"inactivation",84
"aerated",84
"grown",84
"amphetamine",84
"introduction",84
"tributaries",84
"yielded",84
"wild",84
"vibrio",84
"accounted",84
"appears",84
"absorbance",84
"ace",84
"feasible",83
"needs",83
"help",83
"subjected",83
"enriched",83
"cumulative",83
"length",83
"ppm",83
"includes",83
"musk",83
"epidemiology",82
"fourier",82
"pnec",82
"providing",82
"volatile",82
"digested",82
"sublethal",82
"estrogenicity",82
"toxicol",82
"film",82
"molecule",82
"regression",82
"pseudosecondorder",82
"mixing",82
"fecal",82
"disruptors",82
"biocides",82
"retardants",82
"inhibitors",82
"abuse",81
"kow",81
"phac",81
"graphene",81
"highlight",81
"leaching",81
"shortterm",81
"denitrification",81
"validation",81
"phenols",81
"crucial",80
"proteins",80
"ampicillin",80
"medicines",80
"ones",80
"depth",80
"extensively",80
"significance",80
"bdd",80
"pcs",80
"collection",79
"particle",79
"bet",79
"eps",79
"northern",79
"combining",79
"another",79
"status",79
"smaller",79
"conservative",79
"contributions",79
"bioassay",79
"unique",79
"competitive",79
"fevi",79
"combinations",78
"goal",78
"chiral",78
"powdered",78
"beijing",78
"highresolution",78
"possibility",78
"highlights",78
"safety",78
"consistently",78
"online",78
"cathode",78
"inlet",78
"lod",78
"scavenging",78
"practice",78
"macrolide",78
"ambient",78
"lcms",78
"configuration",78
"fragrances",78
"describe",78
"relation",78
"glucose",78
"mdma",78
"selectivity",78
"nitrite",78
"inhabitants",78
"coupling",77
"nps",77
"prevalence",77
"regional",77
"benefits",77
"cotinine",77
"southern",77
"find",77
"versus",77
"electrolysis",77
"herein",77
"realistic",77
"solvents",77
"early",77
"pec",77
"electrodes",77
"sul",77
"focuses",77
"past",77
"classified",77
"assessments",77
"nom",77
"pseudofirst",76
"systematically",76
"methanol",76
"cultures",76
"posttreatment",76
"roxithromycin",76
"ultrasound",76
"resin",76
"society",76
"carbons",76
"spectra",76
"expressed",76
"larvae",76
"persulfate",76
"challenges",76
"dissipation",76
"implications",76
"curves",76
"gradient",76
"enhancement",76
"taking",76
"screen",76
"bioconcentration",76
"conductivity",76
"equal",76
"quinolones",76
"outfall",76
"fathead",76
"modelling",75
"decades",75
"farms",75
"psychoactive",75
"adding",75
"electrical",75
"achieving",75
"loq",75
"date",75
"availability",75
"fluoroquinolone",75
"chem",75
"lowcost",75
"alter",75
"female",75
"mobility",75
"leaves",75
"api",75
"vivo",75
"optimize",75
"oxidizing",75
"ahtn",75
"modification",74
"detect",74
"dosing",74
"sludges",74
"raised",74
"amino",74
"fatty",74
"owing",74
"lettuce",74
"highlighted",74
"analyze",74
"detoxification",74
"special",74
"clean",74
"volumes",74
"confirm",74
"robust",74
"cationic",74
"steroids",74
"escherichia",74
"salts",74
"fields",74
"sweeteners",74
"top",74
"prevent",74
"oxazepam",74
"every",74
"torc",74
"proportion",73
"cleavage",73
"costeffective",73
"spread",73
"thermophilic",73
"struvite",73
"analgesic",73
"relationships",73
"estuarine",73
"predicting",73
"already",73
"sulfadiazine",73
"cartridges",73
"minimum",73
"olr",73
"endocrinedisrupting",73
"copyright",73
"lamp",73
"sas",73
"seems",73
"surfaces",73
"configurations",72
"remains",72
"engineers",72
"forms",72
"extract",72
"electrospray",72
"blue",72
"halflife",72
"follows",72
"allow",72
"dyes",72
"influences",72
"differed",72
"benzoylecgonine",72
"edc",72
"requires",71
"regardless",71
"explore",71
"pathogens",71
"simulate",71
"primidone",71
"ultrasonic",71
"pms",71
"relevance",71
"science",71
"separate",71
"now",71
"liquor",71
"spectrometer",71
"progesterone",71
"recognized",70
"substrates",70
"appear",70
"consecutive",70
"dehp",70
"compartments",70
"integrative",70
"turbidity",70
"accumulate",70
"aquaculture",70
"spontaneous",70
"chromatographic",70
"quite",70
"duration",70
"reductions",70
"quantum",70
"watersheds",70
"pahs",70
"evolution",69
"safe",69
"categories",69
"superior",69
"changed",69
"horizontal",69
"crop",69
"mecs",69
"guidelines",69
"list",69
"section",69
"carboxylic",69
"options",69
"regard",69
"deviation",69
"quadrupole",69
"sampler",69
"mortality",69
"theoretical",69
"binary",69
"scenario",69
"represented",69
"calibration",69
"dye",69
"upflow",69
"rainbow",69
"serve",68
"course",68
"spectrum",68
"influencing",68
"diphenhydramine",68
"color",68
"potent",68
"causing",68
"modes",68
"consisting",68
"practices",68
"simulation",68
"abiotic",68
"benzotriazole",68
"versicolor",68
"testosterone",68
"decline",68
"shallow",68
"loam",68
"elucidate",67
"vertical",67
"hydrochlorothiazide",67
"meanwhile",67
"elements",67
"million",67
"separated",67
"amended",67
"additive",67
"origin",67
"suite",67
"predictions",67
"precision",67
"valsartan",67
"silica",67
"vitellogenin",67
"consequences",67
"distance",67
"alpha",67
"sedimentation",67
"extended",67
"planted",67
"mrna",67
"minnows",67
"newly",66
"eleven",66
"clindamycin",66
"sections",66
"seen",66
"induction",66
"minimize",66
"residue",66
"deionized",66
"npx",66
"alkaline",66
"route",66
"third",66
"producing",66
"open",66
"bacterium",66
"favorable",66
"criteria",66
"potassium",65
"degradable",65
"accelerated",65
"brazil",65
"extracellular",65
"regulation",65
"biogas",65
"supplies",65
"hydrochloride",65
"done",65
"adequate",65
"thermodynamic",65
"address",65
"consideration",65
"demonstrating",65
"outlet",65
"mathematical",65
"composting",65
"cyclophosphamide",65
"consisted",65
"bank",65
"tet",65
"meet",64
"severe",64
"precursor",64
"promote",64
"chinese",64
"mesophilic",64
"originating",64
"powder",64
"grab",64
"similarly",64
"amine",64
"surrogate",64
"reagent",64
"equipped",64
"mineral",64
"tracer",64
"regulators",64
"anions",64
"normal",64
"dosages",63
"resonance",63
"byproduct",63
"thereby",63
"database",63
"select",63
"insight",63
"line",63
"feo",63
"satisfactory",63
"base",63
"suitability",63
"tylosin",63
"hlb",63
"rsd",63
"heterotrophic",63
"embryos",63
"adult",63
"hours",63
"original",63
"quantity",63
"mbbr",63
"manganese",63
"minutes",63
"apap",63
"month",63
"peroxidase",63
"none",63
"enantiomeric",62
"additives",62
"susceptible",62
"uvvis",62
"generate",62
"climate",62
"distilled",62
"amendment",62
"comparatively",62
"peroxidation",62
"capita",62
"ozonated",62
"distributed",62
"upper",62
"carriers",62
"cation",62
"baf",62
"depends",62
"cyp",62
"ctc",62
"interestingly",61
"poses",61
"comparative",61
"maintained",61
"cat",61
"medical",61
"regulations",61
"microbiological",61
"ranitidine",61
"inhibitor",61
"making",61
"accordingly",61
"bound",61
"mip",61
"targets",61
"consequence",61
"gel",61
"anmbr",61
"bromide",61
"project",61
"chlortetracycline",61
"accounting",60
"ensure",60
"photolytic",60
"superoxide",60
"viable",60
"tem",60
"herbicides",60
"india",60
"pretreated",60
"textile",60
"gave",60
"regulated",60
"chloramphenicol",60
"native",60
"catalase",60
"mobile",60
"finding",60
"sole",60
"chitosan",60
"array",60
"caged",60
"crown",60
"estimating",59
"contributing",59
"explain",59
"interesting",59
"methanogenic",59
"conclude",59
"vtg",59
"efforts",59
"technical",59
"aquifers",59
"moieties",59
"tracers",59
"investigating",58
"numbers",58
"enabled",58
"hydrological",58
"analyte",58
"mitigation",58
"nowadays",58
"polishing",58
"forward",58
"individually",58
"view",58
"limitations",58
"exhibit",58
"inhibit",58
"trophic",58
"noted",58
"make",58
"males",58
"ferric",58
"permeability",58
"directive",58
"procedures",58
"reuptake",58
"beds",58
"utilizing",57
"korea",57
"transmission",57
"defined",57
"evidenced",57
"proven",57
"betablocker",57
"international",57
"slight",57
"sorbents",57
"phototransformation",57
"suspension",57
"experimentally",57
"fluxes",57
"bar",57
"doxycycline",57
"obvious",57
"paraben",57
"ponds",57
"sequence",57
"vary",57
"predominantly",56
"beneficial",56
"discharging",56
"fluconazole",56
"sewers",56
"entire",56
"mlss",56
"elucidated",56
"avoid",56
"fertilizer",56
"static",56
"adsorptive",56
"program",56
"whose",56
"oasis",56
"moving",56
"objectives",56
"scarce",56
"closely",56
"nominal",56
"ofl",56
"immobilization",56
"tanks",56
"composites",56
"spm",56
"stormwater",56
"concept",56
"net",56
"ssris",56
"abundances",55
"exceeding",55
"propose",55
"organism",55
"calcium",55
"served",55
"switzerland",55
"furosemide",55
"bioactive",55
"contrary",55
"cosmetics",55
"approximate",55
"heat",55
"preconcentration",55
"acetylsalicylic",55
"pond",55
"manner",55
"cytotoxicity",55
"psychiatric",55
"twelve",55
"nicotine",55
"compartment",55
"adjacent",55
"females",55
"photo",55
"amines",55
"mineralized",55
"enough",55
"residential",55
"oxic",55
"undertaken",55
"smt",55
"diatrizoate",55
"benzophenone",54
"engineering",54
"verified",54
"rainfall",54
"sigma",54
"aspects",54
"mediterranean",54
"viability",54
"exceed",54
"tools",54
"behaviors",54
"benchscale",54
"university",54
"hazards",54
"confirming",54
"srts",54
"intensive",54
"observations",54
"shift",54
"establish",54
"innovative",54
"liter",54
"ferratevi",54
"putida",54
"ery",54
"reservoir",54
"acceptable",53
"fentonlike",53
"zones",53
"rsm",53
"homogeneous",53
"sulfapyridine",53
"becoming",53
"location",53
"reusability",53
"nsaid",53
"identifying",53
"oxidants",53
"consortium",53
"routes",53
"muscle",53
"tww",53
"invertebrates",53
"reused",53
"zero",53
"pathogenic",53
"fentons",53
"weather",53
"kda",53
"cytotoxic",53
"retained",53
"intake",53
"alphaethynylestradiol",53
"suspected",53
"pronounced",53
"quinolone",53
"ethinylestradiol",53
"iodinated",53
"australia",52
"metropolitan",52
"xps",52
"sciences",52
"evident",52
"tss",52
"antibioticresistant",52
"alternatives",52
"peaks",52
"baseline",52
"timeofflight",52
"working",52
"operations",52
"bond",52
"linearity",52
"predictive",52
"hypothesis",52
"factory",52
"receive",52
"behavioral",52
"potentials",52
"distributions",52
"microcontaminants",52
"partly",52
"oho",52
"documented",52
"electrooxidation",51
"extremely",51
"hydrothermal",51
"instead",51
"moderately",51
"cap",51
"mnz",51
"follow",51
"sustainability",51
"plays",51
"addressed",51
"pyrolysis",51
"inside",51
"hplcmsms",51
"copper",51
"bacillus",51
"largescale",51
"japan",51
"attained",51
"insufficient",51
"adapted",51
"msms",51
"attenuated",51
"nanotubes",51
"biodegraded",51
"country",51
"sat",51
"bisphenola",51
"amp",51
"finished",50
"globally",50
"prevalent",50
"alcohol",50
"spp",50
"programs",50
"subject",50
"exist",50
"cosmetic",50
"composed",50
"electrofenton",50
"macm",50
"diamond",50
"disinfectants",50
"oecd",50
"rise",50
"tentatively",50
"blockers",50
"dbps",50
"moiety",50
"biosolid",50
"ass",50
"modeled",50
"aox",50
"stabilization",50
"promoted",50
"slower",50
"silver",50
"hollow",50
"neither",50
"coc",50
"italy",50
"formulation",50
"hydrodynamic",50
"detergents",50
"cso",50
"ontario",50
"bodcod",50
"characteristic",49
"seem",49
"perform",49
"developmental",49
"contributes",49
"bioremediation",49
"insitu",49
"enantiomers",49
"runs",49
"gst",49
"dark",49
"patients",49
"tamoxifen",49
"term",49
"remarkable",49
"gap",49
"unchanged",49
"biotic",49
"diffuse",49
"atorvastatin",49
"potency",49
"drainage",49
"pwwtps",49
"crotamiton",49
"cholesterol",49
"cytochrome",49
"papers",49
"nalidixic",48
"insights",48
"theory",48
"lagoons",48
"adversely",48
"subcapitata",48
"norfluoxetine",48
"phthalates",48
"cleaning",48
"sex",48
"methylparaben",48
"coliforms",48
"fiber",48
"phragmites",48
"adopted",48
"compost",48
"pka",48
"receives",48
"weak",48
"methadone",48
"clotrimazole",48
"chapter",48
"diluted",48
"sweden",48
"cypa",48
"bile",48
"genus",47
"controlling",47
"advantage",47
"toxicities",47
"electrolyte",47
"filtered",47
"american",47
"facilitate",47
"stimulants",47
"makes",47
"tadpoles",47
"era",47
"kinds",47
"levofloxacin",47
"driven",47
"passage",47
"core",47
"complementary",47
"event",47
"persist",47
"eventually",47
"surrounding",47
"probe",47
"mexico",47
"overview",47
"destruction",47
"photoproducts",47
"submerged",46
"uncertainties",46
"stripping",46
"twostage",46
"consumer",46
"pearl",46
"diseases",46
"overcome",46
"zeolite",46
"lethal",46
"fall",46
"detail",46
"densities",46
"roles",46
"accurately",46
"underwent",46
"incorporated",46
"genera",46
"microtox",46
"hepatic",46
"involves",46
"mercury",46
"depended",46
"cytostatic",46
"phenazone",46
"instream",46
"back",46
"attack",46
"berlin",46
"fluorouracil",46
"catchments",46
"immune",46
"oxybenzone",45
"reflect",45
"built",45
"attached",45
"microcosms",45
"burden",45
"functions",45
"firstly",45
"translocation",45
"reaches",45
"reveals",45
"sum",45
"market",45
"sod",45
"marker",45
"entry",45
"systematic",45
"nearby",45
"became",45
"absolute",45
"acidification",45
"applicable",45
"sdz",45
"uvchlorine",45
"react",45
"powerful",45
"affects",45
"edible",45
"focusing",45
"medications",45
"pseudosecond",45
"cavitation",45
"pcps",45
"ven",45
"emergence",45
"antiinflammatories",45
"reason",45
"biomarker",45
"steady",45
"micro",45
"layers",45
"benefit",45
"mussel",45
"basins",45
"prolonged",45
"diltiazem",45
"anticancer",44
"friendly",44
"wastewaterbased",44
"enhancing",44
"rarely",44
"metabolized",44
"frequent",44
"benzene",44
"complexes",44
"black",44
"depletion",44
"multiresidue",44
"dbp",44
"software",44
"noeffect",44
"naso",44
"suspect",44
"halogenated",44
"saturation",44
"arb",44
"deviations",44
"decade",44
"realtime",44
"consider",44
"sufficiently",44
"acclimation",44
"speed",44
"beads",44
"morphine",44
"fixedbed",44
"constitute",44
"western",44
"heroin",44
"underlying",44
"equations",44
"mesocosms",44
"australis",44
"non",44
"fungus",44
"sets",44
"conjugates",44
"mtp",44
"battery",44
"oseltamivir",44
"mugl",44
"totally",43
"coated",43
"biodiversity",43
"deep",43
"saccharin",43
"existence",43
"accompanied",43
"quantitation",43
"eliminating",43
"exists",43
"settling",43
"benthic",43
"wtp",43
"covered",43
"cartridge",43
"integration",43
"dual",43
"arg",43
"elution",43
"quantitatively",43
"summary",43
"california",43
"percent",43
"markedly",43
"ketamine",43
"blanket",43
"chloramination",43
"biofilter",43
"solute",43
"swimming",43
"inflow",43
"starting",43
"xenobiotic",43
"households",43
"complexity",42
"ferrate",42
"coagulant",42
"dosed",42
"rejections",42
"rising",42
"agency",42
"bps",42
"quickly",42
"susceptibility",42
"perspective",42
"phenomenon",42
"lca",42
"allowing",42
"spent",42
"regulator",42
"gradually",42
"protocol",42
"phcs",42
"converted",42
"glucocorticoids",42
"erod",42
"androgens",42
"classical",42
"declined",42
"dispersive",42
"receptors",42
"changing",42
"max",42
"detrimental",42
"waterways",42
"monthly",42
"unclear",42
"flocculation",42
"exclusion",42
"divided",42
"next",42
"rqs",42
"injected",42
"equivalents",42
"connected",42
"draw",42
"france",42
"biofiltration",42
"lesser",42
"property",41
"situation",41
"sulfathiazole",41
"protect",41
"notably",41
"greenhouse",41
"attempt",41
"exhibiting",41
"quenching",41
"undergo",41
"challenging",41
"amitriptyline",41
"ags",41
"microbes",41
"cnts",41
"take",41
"evaluates",41
"shorter",41
"generating",41
"sulphate",41
"medication",41
"province",41
"lamotrigine",41
"utility",41
"pcr",41
"deployed",41
"wastewaterderived",41
"encountered",41
"separately",41
"consists",41
"bac",41
"double",41
"attractive",41
"calculate",41
"transferred",41
"deposition",41
"success",41
"methodologies",41
"proliferation",41
"paa",41
"correlate",41
"vancomycin",41
"trickling",41
"dismutase",41
"easy",41
"depend",41
"bioaugmentation",41
"hco",41
"improvements",41
"placed",41
"corresponded",41
"milliq",40
"threats",40
"dispersion",40
"anodic",40
"side",40
"barrier",40
"recirculation",40
"nanocomposites",40
"unlikely",40
"farm",40
"gamma",40
"anion",40
"fitting",40
"cations",40
"granules",40
"lacking",40
"zinc",40
"loaded",40
"doped",40
"observation",40
"productivity",40
"microextraction",40
"intended",40
"mill",40
"later",40
"inherent",40
"east",40
"beyond",40
"pig",40
"threshold",40
"park",40
"oxides",40
"matters",40
"buffer",40
"stimulant",40
"preferentially",40
"assumed",40
"hcl",40
"sotalol",40
"velocity",40
"steroidal",40
"saturated",40
"gill",40
"gills",40
"carp",40
"promelas",40
"thousand",40
"pressures",39
"prominent",39
"pipi",39
"proper",39
"give",39
"proteobacteria",39
"fabricated",39
"seemed",39
"morphological",39
"inefficient",39
"mfc",39
"mmol",39
"individuals",39
"emphasis",39
"levonorgestrel",39
"dexamethasone",39
"balances",39
"mesoporous",39
"yangtze",39
"scarcity",39
"cultivation",39
"hww",39
"dic",39
"carrier",39
"candidate",39
"prioritization",39
"genetic",39
"studying",39
"populated",39
"campaign",39
"repeatability",39
"reporting",39
"colloids",39
"biotransformed",39
"sweetener",39
"rich",39
"analyzing",39
"disposed",39
"diurnal",39
"scavengers",39
"schemes",39
"portion",39
"decentralized",39
"bicarbonate",39
"ngml",39
"kidney",39
"indomethacin",39
"ppb",39
"eeq",39
"iopamidol",39
"berberine",39
"tcep",39
"reviewed",39
"outfalls",39
"mechanical",38
"simulations",38
"vast",38
"steadystate",38
"pristine",38
"reagents",38
"commercially",38
"lab",38
"normalized",38
"emerged",38
"photosynthetic",38
"fermentation",38
"ethanol",38
"simvastatin",38
"band",38
"thickness",38
"created",38
"wavelength",38
"africa",38
"serving",38
"caf",38
"exothermic",38
"losses",38
"imprinted",38
"transformations",38
"packed",38
"nonpoint",38
"troc",38
"rhine",38
"hour",38
"ofx",38
"obtaining",38
"omeprazole",38
"iohexol",38
"respiration",38
"profiling",38
"reviews",38
"detections",38
"detector",38
"cancer",38
"reflecting",38
"ether",38
"age",38
"derivatization",38
"valley",38
"antiepileptics",38
"paroxetine",38
"glucuronide",38
"ethyl",38
"bromate",38
"reflected",37
"richness",37
"probable",37
"tolerance",37
"attracted",37
"describing",37
"offer",37
"cometabolism",37
"voltage",37
"accordance",37
"bonding",37
"optical",37
"des",37
"paid",37
"chemically",37
"mec",37
"mix",37
"forming",37
"decision",37
"union",37
"migration",37
"sizes",37
"exert",37
"popular",37
"stressors",37
"acetic",37
"diode",37
"former",37
"reservoirs",37
"matrixes",37
"taxa",37
"run",37
"nmr",37
"offers",37
"america",37
"fragmentation",37
"confidence",37
"mwwe",37
"lkg",37
"march",37
"pulse",37
"regarded",37
"proportional",37
"association",37
"lemna",37
"bioavailability",37
"las",37
"depths",37
"tracking",37
"aspirin",37
"pharmacological",37
"reduces",37
"bnr",37
"nonionic",37
"hydroxylated",37
"sandy",37
"thirteen",36
"hardly",36
"covering",36
"surveys",36
"cephalexin",36
"causes",36
"implying",36
"enable",36
"fundamental",36
"importantly",36
"setup",36
"kind",36
"recover",36
"naturally",36
"enantioselective",36
"capture",36
"supporting",36
"overflow",36
"engineered",36
"electrocoagulation",36
"hofe",36
"phytotoxicity",36
"devices",36
"whilst",36
"turn",36
"nuclear",36
"alkyl",36
"mediated",36
"leaf",36
"vulgaris",36
"scope",36
"aob",36
"mammals",36
"microfiltration",36
"solubility",36
"red",36
"intrinsic",36
"pfass",36
"traces",36
"carbonate",36
"betalactams",36
"recipient",36
"anammox",36
"ranking",36
"dependence",36
"facto",36
"becomes",36
"octanolwater",36
"estuaries",36
"treatability",36
"spiking",36
"irradiated",36
"sds",36
"mutagenic",36
"antiviral",36
"pimephales",36
"alkylphenols",36
"bench",35
"cellular",35
"discusses",35
"dwtps",35
"diameter",35
"adsorptiondesorption",35
"qualitative",35
"train",35
"colloidal",35
"never",35
"insignificant",35
"institute",35
"lines",35
"inoculum",35
"characterised",35
"volumetric",35
"feii",35
"indeed",35
"acs",35
"isotope",35
"plus",35
"simulating",35
"referred",35
"cyclic",35
"preservatives",35
"measurable",35
"nnitrosodimethylamine",35
"nonbiodegradable",35
"carcinogenic",35
"larval",35
"comprised",35
"wider",35
"coagulationflocculation",35
"polymerization",35
"bioaugmented",35
"trametes",35
"geographical",35
"persisted",35
"gday",35
"transition",35
"adjusted",35
"emitted",35
"proportions",35
"cardiovascular",35
"exerted",35
"oxalic",35
"detecting",35
"fluidized",35
"enterococci",35
"reacted",35
"toluene",35
"gem",35
"june",34
"seed",34
"electric",34
"highlighting",34
"space",34
"guideline",34
"microwave",34
"typha",34
"pnecs",34
"maintain",34
"island",34
"acetonitrile",34
"hrts",34
"verify",34
"cellulose",34
"urea",34
"saline",34
"ultraperformance",34
"transported",34
"ocean",34
"borondoped",34
"differ",34
"link",34
"maximal",34
"screened",34
"highthroughput",34
"chlorella",34
"incorporation",34
"olive",34
"purified",34
"ways",34
"similarity",34
"boron",34
"erythromycinho",34
"flumequine",34
"centralized",34
"construction",34
"adaptation",34
"probability",34
"photoreactor",34
"fluctuations",34
"anticonvulsant",34
"supports",34
"greece",34
"slurry",34
"mcs",34
"originated",34
"speciation",34
"transient",34
"plasticizers",34
"sanitary",34
"azole",34
"examples",34
"comparisons",34
"dewatered",34
"took",34
"differing",34
"plots",34
"comet",34
"yes",34
"tier",34
"pbdes",34
"cake",33
"occurrences",33
"taiwan",33
"performing",33
"aluminum",33
"cluster",33
"uvtio",33
"takes",33
"nontoxic",33
"surrogates",33
"antagonistic",33
"repeated",33
"footprint",33
"category",33
"exposing",33
"sixteen",33
"fertilization",33
"awareness",33
"riverine",33
"reliability",33
"cleanup",33
"closed",33
"pro",33
"methylene",33
"governed",33
"polymers",33
"access",33
"microorganism",33
"possess",33
"principle",33
"indices",33
"gpx",33
"room",33
"glass",33
"channel",33
"distillation",33
"intraparticle",33
"discuss",33
"androgen",33
"july",33
"unplanted",33
"ket",33
"insect",33
"collectively",33
"hydroxy",33
"fugacity",33
"residuals",33
"propyphenazone",33
"mar",33
"joint",33
"november",32
"choice",32
"differential",32
"triple",32
"degradability",32
"yielding",32
"german",32
"facile",32
"cold",32
"marked",32
"fuel",32
"photoelectron",32
"meprobamate",32
"unsaturated",32
"amide",32
"wiley",32
"handling",32
"adsorb",32
"flowing",32
"gained",32
"output",32
"modelled",32
"scavenger",32
"immediate",32
"carpio",32
"remarkably",32
"uplcmsms",32
"bonds",32
"sericin",32
"anova",32
"endothermic",32
"multivariate",32
"aiming",32
"structurally",32
"ros",32
"landfills",32
"conversely",32
"electrophoresis",32
"comprising",32
"lowering",32
"herbicide",32
"expanded",32
"limiting",32
"germination",32
"ubiquitously",32
"wbe",32
"cephalosporins",32
"calibrated",32
"uniform",32
"acridine",32
"unused",32
"inoculated",32
"cannabis",32
"gives",32
"effort",32
"faecal",32
"physiology",32
"minnow",32
"medaka",32
"sexual",32
"pwwtp",32
"goldfish",32
"zonation",32
"exhibits",31
"microscope",31
"transmembrane",31
"polarity",31
"movement",31
"regular",31
"successive",31
"paraxanthine",31
"economical",31
"phytoremediation",31
"relating",31
"utilize",31
"alkalinity",31
"decomposed",31
"disappearance",31
"fluorescent",31
"called",31
"elemental",31
"biochars",31
"salbutamol",31
"electrons",31
"just",31
"irbesartan",31
"prevention",31
"feiii",31
"character",31
"interface",31
"reasons",31
"posing",31
"phs",31
"bcfs",31
"revealing",31
"empirical",31
"optimised",31
"pseudokirchneriella",31
"ecofriendly",31
"notable",31
"biosorption",31
"swedish",31
"storm",31
"ssf",31
"policy",31
"nanomaterials",31
"discussion",31
"medicinal",31
"implies",31
"inventory",31
"tropical",31
"pass",31
"twenty",31
"wheat",31
"cetirizine",31
"guanylurea",31
"managed",31
"administered",31
"leachates",31
"tributary",31
"absorbed",31
"bottom",31
"eggs",31
"ongoing",31
"stirring",31
"habitats",31
"rain",31
"republic",31
"stations",31
"ifosfamide",31
"cpx",31
"res",31
"fortified",31
"pcbs",31
"czech",31
"acyclovir",31
"arid",31
"vadose",31
"releases",31
"lpo",31
"degreesc",31
"rest",30
"promoting",30
"bacteroidetes",30
"carbendazim",30
"diuron",30
"attributable",30
"contributors",30
"wood",30
"kgy",30
"canadian",30
"mature",30
"installed",30
"zeta",30
"variance",30
"coating",30
"questions",30
"uvpds",30
"histological",30
"hypochlorite",30
"august",30
"disrupt",30
"pointed",30
"existed",30
"isolate",30
"calculating",30
"sink",30
"eastern",30
"cox",30
"enables",30
"chemisorption",30
"flowthrough",30
"aeruginosa",30
"liquidliquid",30
"gml",30
"australian",30
"reasonable",30
"ozonebased",30
"incorporating",30
"sanitation",30
"post",30
"hrms",30
"scheme",30
"juvenile",30
"families",30
"accomplished",30
"bsa",30
"hms",30
"dairy",30
"white",30
"conclusions",30
"opioids",30
"chains",30
"nap",30
"members",30
"cimetidine",30
"inti",30
"smm",30
"chloroform",30
"heart",30
"humiclike",30
"flu",30
"shanghai",30
"cstr",30
"zvi",30
"parabolic",30
"suppression",30
"slowly",30
"eperoxone",30
"microcosm",30
"effluentdominated",30
"carrot",30
"gravel",30
"spiramycin",30
"plate",29
"illustrates",29
"lamps",29
"shell",29
"biofouling",29
"concomitant",29
"analyzer",29
"coming",29
"nonspecific",29
"mechanistic",29
"actinobacteria",29
"ultrahigh",29
"economically",29
"eds",29
"inhibiting",29
"lowered",29
"electricity",29
"produces",29
"heavily",29
"incineration",29
"waterborne",29
"indian",29
"ferrous",29
"deals",29
"nfro",29
"characterisation",29
"aniline",29
"giving",29
"routinely",29
"ash",29
"family",29
"consumers",29
"sitespecific",29
"embryo",29
"smp",29
"illumination",29
"interference",29
"rotating",29
"breakdown",29
"antidiabetic",29
"wellknown",29
"scenedesmus",29
"molecularly",29
"pps",29
"thresholds",29
"element",29
"mitigate",29
"uvps",29
"modern",29
"solely",29
"tons",29
"intense",29
"viz",29
"rerio",29
"cortisol",29
"rings",29
"aid",29
"thin",29
"corrosion",29
"ascribed",29
"nonsterile",29
"limitation",29
"meth",29
"stronger",29
"illustrate",29
"hundreds",29
"overflows",29
"fairly",29
"yellow",29
"inclusion",29
"nationwide",29
"administration",29
"raising",29
"stirred",29
"methotrexate",29
"sbrs",29
"indicative",29
"alginate",29
"linearly",29
"cpc",29
"fenoprofen",29
"fulvic",29
"dataset",29
"assisted",29
"lng",29
"hong",29
"kong",29
"dtz",29
"ttri",29
"eem",28
"antihypertensive",28
"fourteen",28
"supplied",28
"trials",28
"lambda",28
"regularly",28
"cyclamate",28
"dechlorination",28
"implementing",28
"heating",28
"proximity",28
"fertiliser",28
"curve",28
"plausible",28
"urinary",28
"vegetation",28
"ultimately",28
"volatilization",28
"classification",28
"rgo",28
"isolation",28
"ouv",28
"topics",28
"crude",28
"supernatant",28
"surfacewater",28
"opportunities",28
"institution",28
"averaged",28
"mbc",28
"porosity",28
"esters",28
"shifts",28
"opportunity",28
"immediately",28
"prey",28
"reproducibility",28
"danio",28
"appreciable",28
"adsorbable",28
"tended",28
"integrating",28
"manufacturers",28
"arctic",28
"polychlorinated",28
"contaminate",28
"establishment",28
"ultra",28
"mno",28
"csos",28
"vegetables",28
"ketoconazole",28
"qsar",28
"differently",28
"intensities",28
"mpa",28
"tcpp",28
"tens",28
"ineffective",28
"interact",28
"biomnox",28
"interpreted",28
"montmorillonite",28
"reversedphase",28
"clays",28
"unaffected",28
"spme",28
"earthworms",28
"denitrifying",28
"behavioural",28
"transcription",28
"sulfadimethoxine",28
"vicinity",28
"intersex",28
"octylphenol",28
"clofibrate",28
"dgt",28
"error",27
"optimizing",27
"suburban",27
"pores",27
"retentate",27
"infrastructure",27
"kwh",27
"southeast",27
"fesem",27
"illustrated",27
"raman",27
"kept",27
"threedimensional",27
"acclimated",27
"holes",27
"maintenance",27
"pds",27
"enhances",27
"insewer",27
"selectively",27
"cyanobacteria",27
"lost",27
"search",27
"scientists",27
"nanoparticle",27
"progestins",27
"san",27
"toxicology",27
"trigger",27
"invertebrate",27
"japanese",27
"social",27
"gsts",27
"researchers",27
"differentiation",27
"brominated",27
"starch",27
"ultimate",27
"edta",27
"odesmethylvenlafaxine",27
"fifteen",27
"cnt",27
"disinfectant",27
"topic",27
"pairs",27
"polyethylene",27
"endogenous",27
"smbr",27
"named",27
"confirms",27
"foam",27
"bentonite",27
"decarboxylation",27
"fenofibrate",27
"outcomes",27
"drought",27
"photogenerated",27
"quantifiable",27
"continuousflow",27
"ecstasy",27
"sulpiride",27
"vertebrates",27
"iop",27
"exclusively",27
"favored",27
"addresses",27
"kobs",27
"ingredient",27
"filled",27
"articles",27
"hotspots",27
"koc",27
"hpf",27
"alteration",27
"demands",27
"pah",27
"programme",27
"pef",27
"digesters",27
"startup",27
"coliform",27
"androgenic",27
"presumably",27
"weekly",27
"enr",27
"flushing",27
"khz",27
"ctab",27
"diphenyl",27
"covers",27
"spectrometric",27
"temazepam",27
"bcf",27
"llobregat",27
"retardation",27
"february",26
"crystal",26
"october",26
"gabapentin",26
"reductive",26
"vulnerable",26
"dft",26
"tentative",26
"mofs",26
"cefalexin",26
"vacuum",26
"vital",26
"bisoprolol",26
"unregulated",26
"solve",26
"examines",26
"chlorophyll",26
"autumn",26
"anaerobicaerobic",26
"sma",26
"acting",26
"periodicals",26
"regards",26
"pain",26
"shock",26
"atmospheric",26
"qpcr",26
"cometabolic",26
"cover",26
"factorial",26
"regenerated",26
"mep",26
"gcs",26
"involve",26
"dgge",26
"lipophilic",26
"incubated",26
"sulfamerazine",26
"capital",26
"regime",26
"semicontinuous",26
"discovered",26
"sewerage",26
"hydrophilicity",26
"ideal",26
"december",26
"urbanized",26
"lipids",26
"mgd",26
"agitation",26
"habitat",26
"thoroughly",26
"hypothesized",26
"routine",26
"england",26
"asp",26
"capabilities",26
"phdependent",26
"minerals",26
"alga",26
"collector",26
"module",26
"derivative",26
"monensin",26
"healthcare",26
"petrochemical",26
"tds",26
"methanogens",26
"betalactam",26
"mykiss",26
"oncorhynchus",26
"ditch",26
"taxonomic",26
"dramatically",26
"quaternary",26
"abnormalities",26
"isomers",26
"create",26
"vuv",26
"leaving",26
"polybrominated",26
"asa",26
"benzodiazepines",26
"npeo",26
"mwcnt",26
"angle",25
"dried",25
"seasonality",25
"drs",25
"maintaining",25
"behalf",25
"microbiome",25
"rhizosphere",25
"feces",25
"pharmacologically",25
"categorized",25
"northeastern",25
"surveyed",25
"trial",25
"dropped",25
"srb",25
"put",25
"aliphatic",25
"elisa",25
"fine",25
"stretch",25
"residents",25
"governing",25
"tomato",25
"mutagenicity",25
"sales",25
"ache",25
"hatching",25
"interpretation",25
"mineralize",25
"propylparaben",25
"washing",25
"setting",25
"permitted",25
"bafs",25
"dehydrogenase",25
"guidance",25
"template",25
"considerations",25
"utilities",25
"building",25
"prednisolone",25
"losartan",25
"apart",25
"polymerase",25
"arsenic",25
"cfx",25
"expensive",25
"expand",25
"believed",25
"deterioration",25
"resultant",25
"add",25
"biofilters",25
"chlorophenol",25
"opposite",25
"company",25
"tendency",25
"coal",25
"examination",25
"swiss",25
"dewatering",25
"resins",25
"necessity",25
"properly",25
"flight",25
"beginning",25
"geographic",25
"continue",25
"confirmation",25
"kjmol",25
"reductase",25
"cytostatics",25
"spectral",25
"realized",25
"descriptors",25
"antibacterials",25
"dow",25
"antiestrogenic",25
"scales",25
"web",25
"nzvi",25
"houv",25
"carboxylate",25
"influenza",25
"spatially",24
"spatiotemporal",24
"dwtp",24
"amlodipine",24
"constantly",24
"omg",24
"visiblelight",24
"fossil",24
"functionalized",24
"guide",24
"academy",24
"bioluminescence",24
"organization",24
"unable",24
"edx",24
"mabr",24
"acebutolol",24
"imply",24
"ceramic",24
"driving",24
"consortia",24
"extreme",24
"distances",24
"deleterious",24
"diagnostic",24
"carefully",24
"obviously",24
"ads",24
"interferences",24
"requirement",24
"dissemination",24
"originate",24
"deployment",24
"intervals",24
"agreed",24
"viruses",24
"retain",24
"salmonella",24
"nano",24
"activate",24
"chromatographyelectrospray",24
"solutes",24
"eutrophication",24
"stored",24
"warm",24
"upgrading",24
"april",24
"perfluorinated",24
"nickel",24
"urgent",24
"inducing",24
"serves",24
"gradual",24
"pfos",24
"guangzhou",24
"lime",24
"september",24
"protected",24
"service",24
"sorptiondesorption",24
"iodine",24
"spectroscopic",24
"outlets",24
"gammarus",24
"networks",24
"fungicides",24
"feso",24
"kapp",24
"replacement",24
"gaps",24
"suc",24
"omw",24
"legislation",24
"instrument",24
"clusters",24
"gain",24
"magnetite",24
"stoichiometric",24
"adjustment",24
"mineralisation",24
"mbbrs",24
"adequately",24
"path",24
"benzotriazoles",24
"citrate",24
"esi",24
"drawn",24
"compositions",24
"dosedependent",24
"elicit",24
"january",24
"flocs",24
"biotreatment",24
"filtrate",24
"cephalosporin",24
"clams",24
"climbazole",24
"mwtp",24
"assayed",24
"fecundity",24
"sonolysis",24
"belong",24
"platinum",24
"atl",24
"macroinvertebrate",24
"oestrogens",24
"herbal",24
"ant",24
"pfcs",24
"colour",24
"microconstituents",24
"images",23
"additions",23
"noticeable",23
"fluence",23
"irreversible",23
"phylum",23
"disease",23
"identical",23
"twice",23
"cacl",23
"fluvoxamine",23
"phosphorous",23
"chlorpheniramine",23
"registered",23
"indigenous",23
"live",23
"shoots",23
"semiconductor",23
"velocities",23
"hysteresis",23
"processed",23
"gasification",23
"landscape",23
"press",23
"statistics",23
"presenting",23
"epa",23
"throughput",23
"fewer",23
"trapping",23
"autotrophic",23
"ngdm",23
"gram",23
"conservation",23
"nanosheets",23
"olrs",23
"anaerobically",23
"antifungal",23
"densely",23
"station",23
"advances",23
"rice",23
"indication",23
"chromium",23
"organs",23
"iomeprol",23
"reacts",23
"sulfur",23
"enthalpy",23
"candidates",23
"gacs",23
"quantifying",23
"fluctuation",23
"mwwtps",23
"phenytoin",23
"practically",23
"dam",23
"corresponds",23
"anaerobicanoxicoxic",23
"solgel",23
"upgrade",23
"miconazole",23
"biogenic",23
"plume",23
"enters",23
"functioning",23
"york",23
"sterilization",23
"middle",23
"microspheres",23
"antipyrine",23
"capillary",23
"subtypes",23
"selecting",23
"signal",23
"carbonaceous",23
"ecology",23
"canal",23
"inflammatory",23
"pecpnec",23
"likewise",23
"glucocorticoid",23
"naphthalene",23
"cores",23
"centers",23
"hot",23
"prove",23
"arising",23
"alum",23
"semiarid",23
"stabilized",23
"apparently",23
"toxicants",23
"smn",23
"diminished",22
"prepare",22
"complement",22
"sonochemical",22
"uvcho",22
"zscheme",22
"esr",22
"supplemented",22
"mammalian",22
"designing",22
"map",22
"cathodic",22
"nitro",22
"suppressed",22
"enantiomer",22
"frameworks",22
"sulfide",22
"mda",22
"antioxidants",22
"chamber",22
"ester",22
"regulating",22
"eeo",22
"hydrocarbon",22
"urbanization",22
"poultry",22
"consumptions",22
"force",22
"details",22
"exceptions",22
"true",22
"law",22
"doseresponse",22
"luminescent",22
"feox",22
"mac",22
"cyprinus",22
"worst",22
"microporous",22
"sativa",22
"obliquus",22
"sectors",22
"brazilian",22
"degussa",22
"mild",22
"suited",22
"textural",22
"hydroxydiclofenac",22
"trap",22
"boxbehnken",22
"crustacean",22
"gonadal",22
"coast",22
"supercritical",22
"unexpected",22
"petroleum",22
"atom",22
"apply",22
"home",22
"intraday",22
"recreational",22
"feature",22
"cultivated",22
"propionate",22
"offline",22
"spreading",22
"old",22
"riparian",22
"promise",22
"essentially",22
"interfere",22
"decontamination",22
"warrant",22
"plot",22
"steel",22
"ermb",22
"complicated",22
"historical",22
"polarization",22
"outflow",22
"normally",22
"downgradient",22
"fib",22
"penicillins",22
"dubia",22
"analyse",22
"emitting",22
"toilet",22
"drain",22
"completed",22
"define",22
"tend",22
"come",22
"annually",22
"assuming",22
"canals",22
"constitutes",22
"daphnids",22
"progestogens",22
"codmd",22
"factories",22
"electrophilic",22
"mwcnts",22
"gofeo",22
"aromatase",22
"sterols",22
"contributor",22
"automated",22
"survive",22
"buffered",22
"roc",22
"teratogenic",22
"colorado",22
"passed",22
"watersediment",22
"antineoplastic",22
"pvp",22
"hepatocytes",22
"travel",22
"standardized",22
"aaa",22
"nnitrosamines",22
"conjugated",22
"faa",22
"ptsa",22
"computational",21
"thousands",21
"concerned",21
"neural",21
"deposited",21
"improves",21
"necessarily",21
"calcination",21
"know",21
"inversion",21
"harvested",21
"equally",21
"infection",21
"carboxyl",21
"mof",21
"wastewaterimpacted",21
"desorbed",21
"introduce",21
"device",21
"mecoprop",21
"facilitated",21
"instrumental",21
"laboratories",21
"aggregates",21
"pressurized",21
"transcripts",21
"attenuate",21
"asprepared",21
"compares",21
"regimes",21
"requiring",21
"phylogenetic",21
"farming",21
"indirectly",21
"formic",21
"principles",21
"disappeared",21
"stepwise",21
"cyc",21
"gonads",21
"settings",21
"acetone",21
"decolorization",21
"started",21
"stransferase",21
"comprehensively",21
"ternary",21
"designs",21
"hydroponic",21
"inadequate",21
"upgraded",21
"accounts",21
"chromatograph",21
"charcoal",21
"unwanted",21
"problematic",21
"origins",21
"prevailing",21
"equipment",21
"precise",21
"monte",21
"eqs",21
"bzf",21
"films",21
"piperazine",21
"minimizing",21
"moll",21
"appearance",21
"rule",21
"israel",21
"sterile",21
"cheap",21
"publications",21
"nonlinear",21
"mgday",21
"nanogram",21
"modules",21
"preferred",21
"ionizable",21
"amongst",21
"vietnam",21
"mississippi",21
"transcriptional",21
"drains",21
"gadolinium",21
"west",21
"reasonably",21
"texas",21
"manures",21
"authorities",21
"qns",21
"biphenyls",21
"extractable",21
"situated",21
"wwtw",21
"preferential",21
"ecologically",21
"benzodiazepine",21
"neuroactive",21
"antiandrogenic",21
"wwtf",21
"anatase",21
"carbonyl",21
"amendments",21
"diatom",21
"mentioned",21
"clinical",21
"diazinon",21
"acts",21
"codm",21
"rbf",21
"acetoclastic",21
"conjunction",21
"cfa",21
"mcf",21
"roach",21
"tile",21
"stw",21
"ste",21
"halo",21
"extra",20
"proteinlike",20
"crystals",20
"gcn",20
"microwaveassisted",20
"insecticides",20
"excessive",20
"inactivated",20
"tga",20
"hydrolyzed",20
"outstanding",20
"broadspectrum",20
"improper",20
"pfoa",20
"warranted",20
"technological",20
"zeolites",20
"demonstration",20
"rainy",20
"glycol",20
"advantageous",20
"integrity",20
"conducting",20
"gradients",20
"odgt",20
"voltammetry",20
"irrespective",20
"microalgal",20
"smallscale",20
"seeds",20
"excitationemission",20
"fabrication",20
"reflects",20
"horizon",20
"incidence",20
"ibf",20
"instance",20
"denaturing",20
"antifouling",20
"maize",20
"fragment",20
"independently",20
"acquisition",20
"enabling",20
"generic",20
"otherwise",20
"outcome",20
"evaluations",20
"gramnegative",20
"rare",20
"atoms",20
"hindered",20
"possibilities",20
"lmh",20
"temkin",20
"sometimes",20
"platensis",20
"dox",20
"coexisting",20
"fates",20
"sulfoxide",20
"photooxidation",20
"position",20
"lignin",20
"sulfonate",20
"uvbased",20
"statin",20
"lag",20
"unlike",20
"mdl",20
"paired",20
"foulants",20
"substitution",20
"reversible",20
"harm",20
"combines",20
"sequences",20
"dilutions",20
"nanograms",20
"oxidize",20
"desirable",20
"interval",20
"accelerate",20
"orbitrap",20
"drying",20
"protozoa",20
"pca",20
"baltic",20
"triplet",20
"infections",20
"sub",20
"dead",20
"archaea",20
"implied",20
"fitness",20
"undesirable",20
"predator",20
"lcqtofms",20
"encoding",20
"chl",20
"singlestage",20
"pretreatments",20
"danube",20
"phenyl",20
"services",20
"digestive",20
"latipes",20
"hourly",20
"cattle",20
"nonpolar",20
"unfortunately",20
"actions",20
"fractionation",20
"sorptive",20
"ethers",20
"laundry",20
"dfc",20
"codcr",20
"awis",20
"mug",20
"aforementioned",19
"hydroxide",19
"earlier",19
"mainstream",19
"ecoenvironmental",19
"photosynthesis",19
"psychotropic",19
"effluentimpacted",19
"grand",19
"raises",19
"peroxymonosulfate",19
"gland",19
"modifications",19
"singlet",19
"inexpensive",19
"physicalchemical",19
"determinations",19
"livers",19
"criterion",19
"fourth",19
"lactuca",19
"graphite",19
"metabolomics",19
"hyporheic",19
"catalyzed",19
"prioritize",19
"rdna",19
"putative",19
"intact",19
"mges",19
"government",19
"composted",19
"considers",19
"thermally",19
"rpm",19
"estimations",19
"weights",19
"leach",19
"cocktail",19
"establishing",19
"retentates",19
"parks",19
"stimulated",19
"cross",19
"broader",19
"eoc",19
"inversely",19
"investment",19
"therapy",19
"mmoll",19
"possessed",19
"worstcase",19
"netherlands",19
"leakage",19
"nanosized",19
"restricted",19
"alkylbenzene",19
"eukaryotic",19
"fruit",19
"embedded",19
"photoinduced",19
"sheet",19
"sector",19
"oxcarbazepine",19
"cucumber",19
"refined",19
"proposes",19
"policies",19
"florida",19
"css",19
"zhujiang",19
"carlo",19
"huge",19
"conceptual",19
"inoculation",19
"nanoscale",19
"fly",19
"filtering",19
"forces",19
"disturbance",19
"respirometric",19
"evaporation",19
"phyla",19
"serum",19
"stakeholders",19
"theophylline",19
"rsf",19
"adsorbing",19
"biotechnological",19
"microplastic",19
"microplastics",19
"pandemic",19
"overthecounter",19
"weakly",19
"derive",19
"thought",19
"dihydrojasmonate",19
"litre",19
"excreta",19
"racemic",19
"hydroquinone",19
"electrogenerated",19
"mlmin",19
"eluted",19
"transcript",19
"vss",19
"contrasting",19
"cosubstrate",19
"crossflow",19
"permanganate",19
"counts",19
"similarities",19
"etoposide",19
"enoxacin",19
"norethindrone",19
"thames",19
"fecl",19
"associations",19
"tam",19
"labile",19
"multicomponent",19
"karst",19
"suspensions",19
"progestagens",19
"pipe",19
"rejected",19
"thccooh",19
"validate",19
"weekend",19
"logkow",19
"moisture",19
"fertilizers",19
"offering",19
"neglected",19
"harbor",19
"ossfs",19
"kwhm",19
"disrupters",19
"decisions",19
"amphibians",19
"tri",19
"indexes",19
"hundred",19
"ssri",19
"disks",19
"thf",19
"hocl",19
"micelleclay",19
"pvdf",18
"korean",18
"coagulants",18
"highstrength",18
"benzoic",18
"avoiding",18
"pww",18
"ocenter",18
"albendazole",18
"ireland",18
"tcas",18
"twodimensional",18
"economy",18
"nndiethylmetatoluamide",18
"fragments",18
"dph",18
"minnesota",18
"entrance",18
"drastically",18
"paramagnetic",18
"electrolytic",18
"inform",18
"protocols",18
"circuit",18
"correct",18
"segments",18
"traits",18
"noticed",18
"ifas",18
"opening",18
"crosslinked",18
"nonprescription",18
"thiabendazole",18
"inland",18
"interfacial",18
"subset",18
"charges",18
"sba",18
"preservative",18
"defense",18
"emphasize",18
"potencies",18
"plan",18
"manufacture",18
"hctz",18
"cycling",18
"moxifloxacin",18
"attempts",18
"fluctuating",18
"severely",18
"ldh",18
"tertiarytreated",18
"checked",18
"signals",18
"perfluoroalkyl",18
"uvfilters",18
"langmuirhinshelwood",18
"pgp",18
"gaining",18
"tra",18
"progress",18
"diffusive",18
"pair",18
"desalination",18
"town",18
"car",18
"display",18
"organophosphate",18
"sensors",18
"district",18
"extend",18
"concentrationdependent",18
"ecotoxicology",18
"stainless",18
"endpoint",18
"hbenzotriazole",18
"nearshore",18
"aged",18
"question",18
"robustness",18
"beam",18
"oral",18
"validity",18
"diabetes",18
"thanks",18
"compact",18
"grey",18
"lastly",18
"hydroxyibuprofen",18
"pacs",18
"spite",18
"pam",18
"bubble",18
"introducing",18
"disorders",18
"generations",18
"unexposed",18
"today",18
"modest",18
"vfa",18
"otus",18
"surprisingly",18
"rank",18
"pome",18
"wwmps",18
"par",18
"spawning",18
"responsive",18
"examining",18
"return",18
"consequent",18
"mnp",18
"foams",18
"multiwalled",18
"stereoselective",18
"clarify",18
"dipyrone",18
"somewhat",18
"snails",18
"oryzias",18
"vocs",18
"extents",18
"tight",18
"gulf",18
"producers",18
"wtps",18
"phate",18
"greywater",18
"flotation",18
"synthesisbased",18
"entirely",18
"leca",18
"androstenedione",18
"outdoor",18
"vegetable",18
"etodolac",18
"zahnwellens",18
"egg",18
"voc",18
"gibba",18
"bdoc",18
"retardant",18
"coprostanol",18
"diethyltoluamide",17
"distinguished",17
"facilitating",17
"circumneutral",17
"acquired",17
"direction",17
"spike",17
"bupropion",17
"depression",17
"formulated",17
"solvothermal",17
"recovering",17
"check",17
"promotes",17
"digester",17
"antipyretic",17
"turkey",17
"brown",17
"ecosar",17
"southwest",17
"ensuring",17
"feho",17
"height",17
"antagonist",17
"enzymelinked",17
"nontargeted",17
"timeweighted",17
"dispersed",17
"reporter",17
"photobioreactor",17
"physisorption",17
"qnrs",17
"modifying",17
"tertoctylphenol",17
"atlantic",17
"synergy",17
"legal",17
"hydrogel",17
"silico",17
"involvement",17
"manuscript",17
"domain",17
"helped",17
"tracked",17
"desired",17
"embryonic",17
"alphaethinyl",17
"betamethasone",17
"bias",17
"errors",17
"steric",17
"scores",17
"tfc",17
"straw",17
"intermittent",17
"cisplatin",17
"ipa",17
"peat",17
"normalization",17
"recommend",17
"circumstances",17
"correspond",17
"irrigate",17
"mediator",17
"missing",17
"halogens",17
"proof",17
"blocker",17
"boundary",17
"preventing",17
"users",17
"phenolics",17
"bivo",17
"photoelectrocatalytic",17
"mice",17
"thermodynamics",17
"elucidation",17
"quick",17
"absent",17
"liquids",17
"geological",17
"pyrosequencing",17
"fluid",17
"identity",17
"bioaccumulative",17
"antifungals",17
"seasonally",17
"lowpressure",17
"initiated",17
"nevirapine",17
"attacks",17
"oxacillin",17
"pumping",17
"som",17
"acclimatized",17
"diethylhexyl",17
"fossarum",17
"solidliquid",17
"offspring",17
"feminization",17
"bioaccumulate",17
"bioavailable",17
"chronically",17
"actually",17
"generates",17
"projects",17
"complexing",17
"pop",17
"tkn",17
"ketone",17
"streptomycin",17
"tetw",17
"tcod",17
"emphasized",17
"adults",17
"digestate",17
"formulations",17
"dongting",17
"intakes",17
"dodecyl",17
"pen",17
"biotransformations",17
"recognition",17
"diosgenin",17
"spray",17
"compiled",17
"african",17
"congeners",17
"goals",17
"observe",17
"archaeal",17
"ann",17
"detergent",17
"permethrin",17
"pre",17
"pct",17
"dissociation",17
"diuretics",17
"spills",17
"cope",17
"vapor",17
"sildenafil",17
"flat",17
"spanish",17
"unstable",17
"granule",17
"peroxone",17
"noncatalytic",17
"birds",17
"amo",17
"guu",17
"harbour",17
"usefulness",17
"antihistamines",17
"isoproturon",17
"eaq",17
"titania",17
"metolachlor",17
"virtually",17
"topical",17
"dichlorophenol",17
"relate",17
"han",17
"excipients",17
"delayed",17
"vermiculite",17
"clam",17
"shore",17
"springs",17
"monochloramine",17
"gonad",17
"marsh",17
"clx",17
"inert",17
"pay",17
"smps",17
"planned",17
"ethoxylates",17
"pazf",17
"exfiltration",17
"nndiethylmtoluamide",17
"pcms",17
"fqems",17
"freq",17
"med",17
"crystallization",16
"dispose",16
"cultured",16
"mole",16
"unidentified",16
"heterojunction",16
"irradiance",16
"grow",16
"vulnerability",16
"barriers",16
"nanotube",16
"characterizations",16
"metalorganic",16
"nonselective",16
"portugal",16
"exogenous",16
"grouped",16
"clarifier",16
"contaminating",16
"hoo",16
"drivers",16
"polysaccharides",16
"vfas",16
"channels",16
"polyamide",16
"microsomes",16
"pathogen",16
"wastewatertreatment",16
"permeation",16
"immunosorbent",16
"socioeconomic",16
"stimulating",16
"microscopic",16
"florfenicol",16
"nas",16
"firmicutes",16
"resistances",16
"pyrenoidosa",16
"disk",16
"unspiked",16
"license",16
"facing",16
"lidocaine",16
"empty",16
"savings",16
"sold",16
"biotechnology",16
"census",16
"summed",16
"etp",16
"recalcitrance",16
"ionisation",16
"bqm",16
"heterocyclic",16
"acceptor",16
"ubiquity",16
"southeastern",16
"commission",16
"cooperation",16
"marginal",16
"likelihood",16
"chlorhexidine",16
"egsb",16
"researched",16
"sorb",16
"indepth",16
"dopamine",16
"orange",16
"chemotherapy",16
"sound",16
"nhcl",16
"wash",16
"scaling",16
"diethyl",16
"triggered",16
"reflectance",16
"probabilistic",16
"socalled",16
"basal",16
"fruits",16
"cefuroxime",16
"mwwtp",16
"pipes",16
"expanding",16
"drop",16
"satisfactorily",16
"acidity",16
"los",16
"shape",16
"operate",16
"ames",16
"dimethyl",16
"cepa",16
"hormonal",16
"compete",16
"phenomena",16
"start",16
"situations",16
"hydrogels",16
"compromise",16
"biobr",16
"onestep",16
"mesocosm",16
"photoassisted",16
"complemented",16
"description",16
"expert",16
"simplified",16
"difficulties",16
"integral",16
"micrograms",16
"tunisia",16
"whiterot",16
"optimisation",16
"ecotoxic",16
"hierarchical",16
"spheres",16
"biodegrade",16
"atz",16
"courses",16
"discrete",16
"pulp",16
"carrying",16
"hlr",16
"pmmov",16
"stz",16
"implement",16
"plastics",16
"terbutryn",16
"pool",16
"carbohydrate",16
"distinguish",16
"nineteen",16
"intracellular",16
"disruptor",16
"osmotic",16
"warfarin",16
"meaning",16
"santa",16
"experience",16
"acinetobacter",16
"turned",16
"hydrolytic",16
"filamentous",16
"flood",16
"dramatic",16
"deconjugation",16
"transitions",16
"pcba",16
"bioactivity",16
"respondents",16
"sustained",16
"county",16
"impaired",16
"superficial",16
"aminecontaining",16
"epoxycarbamazepine",16
"cooccurrence",16
"nursing",16
"mwco",16
"oocytes",16
"sdbs",16
"mediators",16
"rhodococcus",16
"azo",16
"precautionary",16
"random",16
"wastewaterirrigated",16
"dioxinlike",16
"captured",16
"deactivation",16
"multiclass",16
"trischloroethyl",16
"infiltrated",16
"thyroxine",16
"rat",16
"sulphamethoxazole",16
"monooxygenase",16
"fac",16
"pbde",16
"mlvss",16
"cfs",16
"microelectrolysis",16
"tegel",16
"michigan",16
"earthworm",16
"cdeo",16
"span",16
"nervous",16
"bass",16
"fhm",16
"emea",16
"tbbpa",16
"owc",16
"shijing",16
"ppg",16
"sprayfield",16
"spf",15
"embr",15
"mitigated",15
"apa",15
"member",15
"bpf",15
"developments",15
"enterococcus",15
"faecalis",15
"reacting",15
"nations",15
"incorporate",15
"alprazolam",15
"nortriptyline",15
"suffer",15
"rox",15
"lcesimsms",15
"abz",15
"rock",15
"prospective",15
"foods",15
"mos",15
"sonication",15
"folds",15
"thyroid",15
"earth",15
"polluting",15
"polyphenols",15
"watersoluble",15
"heterojunctions",15
"late",15
"assembled",15
"texture",15
"atomic",15
"hardness",15
"upregulated",15
"sww",15
"carbonization",15
"xenoestrogens",15
"aspect",15
"fishes",15
"repulsion",15
"loose",15
"telmisartan",15
"sips",15
"thermogravimetric",15
"infer",15
"drawback",15
"cuo",15
"lot",15
"hlrs",15
"qualitatively",15
"kbiol",15
"shared",15
"attempted",15
"deeper",15
"naoh",15
"biopolymers",15
"sac",15
"resident",15
"metrics",15
"sulfamonomethoxine",15
"salina",15
"shifted",15
"spy",15
"fill",15
"hydrologic",15
"removes",15
"pfc",15
"rhodamine",15
"reusing",15
"inner",15
"abstraction",15
"hqs",15
"oxycodone",15
"monomer",15
"nitrophenol",15
"restoration",15
"polish",15
"comes",15
"dcmd",15
"shoot",15
"nanofibers",15
"spectrophotometry",15
"ate",15
"interlayer",15
"packing",15
"contaminations",15
"belonged",15
"continued",15
"lands",15
"preserve",15
"assumption",15
"adapt",15
"wholebody",15
"dams",15
"king",15
"onset",15
"fibrates",15
"contactor",15
"behind",15
"identifies",15
"calcined",15
"coconut",15
"apparatus",15
"emergent",15
"plastic",15
"synthesize",15
"defluorination",15
"circulation",15
"began",15
"summarize",15
"specificity",15
"tolerant",15
"ngkg",15
"lifestyle",15
"aggregation",15
"sal",15
"chloroflexi",15
"heterogeneity",15
"ease",15
"vfx",15
"chemcatcher",15
"lowflow",15
"confined",15
"recognised",15
"teta",15
"manage",15
"dominating",15
"floc",15
"rely",15
"big",15
"streamflow",15
"mecpnec",15
"glycogen",15
"oxidase",15
"carry",15
"lifetime",15
"zerovalent",15
"italian",15
"avoided",15
"duckweed",15
"cit",15
"structureactivity",15
"municipalities",15
"possesses",15
"characterizing",15
"exem",15
"pulses",15
"granulated",15
"heterotrophs",15
"panel",15
"version",15
"nadolol",15
"sperm",15
"gammaproteobacteria",15
"predominance",15
"lactone",15
"thorough",15
"lods",15
"gentamicin",15
"gliclazide",15
"inocula",15
"municipality",15
"qualities",15
"store",15
"soybean",15
"methanogenesis",15
"aromaticity",15
"barley",15
"persistency",15
"ocps",15
"benzyl",15
"ethylene",15
"helpful",15
"gambusia",15
"mosquitofish",15
"trash",15
"periodic",15
"briefly",15
"cast",15
"uvo",15
"frogs",15
"concentrates",15
"diatrizoic",15
"oysters",15
"destroyed",15
"xad",15
"horizons",15
"nim",15
"warrants",15
"asws",15
"hpo",15
"nip",15
"history",15
"detachment",15
"hypoxia",15
"biocatalyst",15
"loec",15
"osprey",15
"pharmacokinetic",15
"butyl",15
"exhausted",15
"drinkingwater",15
"recharged",15
"ptps",15
"qut",15
"azteca",15
"ops",15
"iopr",15
"peg",15
"microarray",15
"tamiflu",15
